Name,Address,Phone
Mario Cefai Remax Community Realty Brokerage,,
Alkins Real Estate,4800 Dundas St WEtobicokeONM9A 1B1,416-231-7411
Jk Hoffmann Real Estate,1920 Gerrard St ETorontoONM4L 2C1,416-698-5376
50 Scollard Condos,28A Hazelton AveTorontoONM5R 2E2,416-710-6410
RE/MAX Millennum Real Estate,,416-669-9350
Arlene Marques,1396 Don Mills Rd Unit B-121North YorkONM3B 0A7,416-885-6627
Tasha McLarty-The Guardian Home Realty INC - Brokerage,F119-80 Nashdene RdScarboroughONM1V 5E4,647-876-7653
Matt Napiwotzki - Davenport Realty,201-379 Southdale Rd WLondonONN6J 4G8,519-301-2531
Homesforsaleinmississauga,,
Royal LePage Terrequity Rinomato,1820 Bloor St WTorontoONM6P 3K6,416-998-2578
Team Condeco - Royal Lepage Terrequity Realty,160 The WestwayEtobicokeONM9P 2C1,416-712-1621
Evelyn C. Lim,98 Steeles Ave EThornhillONL3T 1A4,647-886-3546
Sutton,3220 Dufferin StNorth YorkONM6A 2T3,416-783-5000
Afzal Paracha - Remax Real Estate Centre Inc -Brokerage,66 Cedar Lake CresBramptonONL6Y 0P9,647-697-9991
Bonnie Byford Real Estate Ltd,1536 Bayview AveTorontoONM4G 3B6,416-483-4444
Maribeth Aguirre - Remax Premier Inc.,77-9100 Jane StConcordONL4K 0A4,416-728-3855
Hadden Homes,261 Briar Hill AveTorontoONM4R 1J3,416-500-0170
Kim and Howard Team,505 Hwy 7Richmond HillON,416-399-0026
Shaleen at Remax Real Estate,154 Bathurst StTorontoONM5V 2R3,647-960-1551
Realty Life Ltd Brokerage,,
City Commercial Realty,207-1240 Bay StTorontoONM5R 2A7,416-968-3434
Sue Milo - Mortgage Agent,,905-297-9125
Nicole Manteiga - Royal LePage Real Estate Services,55 St Clair Ave WTorontoONM4V 2Y7,647-407-1457
J. K. Hoffmann Real Estate Ltd.,1920 Gerrard St ETorontoONM4L 2C1,416-698-5376
Mark Persaud,7-66 Milvan DrTorontoONM9L 1Z3,647-699-0820
Jack Ross - Real Estate Agent - Sotheby's International Realty Canada,747 Queen St ETorontoONM4M 1H3,416-889-2678
Ian Breault,121-1396 Don Mills RdNorth YorkONM3B 0A7,647-558-2581
Maya Grozdanis - Real Estate,200-30 Eglinton Ave WMississaugaONL5R 3E7,647-558-2827
Veda Lall Homes,315-885 Progress AveScarboroughONM1H 3G3,647-503-6519
